{
  "wa_settings": {
    "last_seen_privacy": "all",
    "profile_photo_privacy": "all",
    "about_privacy": "all",
    "status_privacy": [
      "My Contacts (active)"
    ],
    "blocked_numbers": [
      "+27633697787",
      "+2347045019655"
    ],
    "blocked_numbers_update_time": 1733674960,
    "blocked_3p_users": [
      
    ],
    "read_receipts": "all",
    "is_dma_eligible": false,
    "opted_in_dma_integrators": [
      
    ],
    "settings_last_fetch_time": {
      "3": 0,
      "0": 1750528108
    },
    "current_sync_session_id": "0xBPHNmrWncrnZkKmi56fA==",
    "current_sync_session_account_registration_time": 1746510591,
    "sync_sessions": [
      {
        "sync_session_id": "0xBPHNmrWncrnZkKmi56fA==",
        "account_registration_time": 1746510591,
        "state_collections": [
          "critical_block",
          "critical_unblock_low",
          "regular",
          "regular_high",
          "regular_low"
        ]
      }
    ],
    "device_sync_status": [
      {
        "device_id": 0
      },
      {
        "device_id": 3
      }
    ],
    "device_info": [
      {
        "device_id": 0,
        "app_version": "Android-2.25.17.80",
        "operating_system_version": "13",
        "device_manufacturer": "CUBOT",
        "device_model": "X70"
      },
      {
        "device_id": 3,
        "app_version": "Windows-2.2524.4",
        "operating_system_version": "10.0.19045",
        "device_manufacturer": "Packard Bell",
        "device_model": "Easynote ENTF71BM H"
      }
    ],
    "notification_settings": [
      
    ],
    "muted_groups": [
      
    ],
    "is_nc_eligible": false,
    "whatsapp_contacts": true
  }
}